{
  "bert_standard_results": {
    "acc": 0.65,
    "eval_accuracy": 0.65,
    "eval_f1_score": 0.6150997150997151,
    "eval_loss": 0.6329360008239746,
    "eval_precision": 0.68125,
    "eval_recall": 0.65,
    "global_step": 939.0,
    "loss": 0.625823203081521
  },
  "phobert_results": {
    "eval_accuracy": 0.7,
    "eval_f1_score": 0.6955353451839603,
    "eval_loss": 0.5868819355964661,
    "eval_precision": 0.7003432003432003,
    "eval_recall": 0.7,
    "global_step": 785.0,
    "loss": 0.61048988115256
  },
  "gpt_results": {
    "eval_accuracy": 0.5,
    "f1_score": 0.39340813464235624,
    "precision": 0.684331797235023,
    "recall": 0.5
  },
  "comparison": {
    "eval_accuracy": {
      "bert_standard": 0.65,
      "phobert": 0.7,
      "gpt": 0.5,
      "best_model": "PhoBERT",
      "bert_std_vs_phobert": -0.04999999999999993,
      "bert_std_vs_gpt": 0.15000000000000002,
      "phobert_vs_gpt": 0.19999999999999996
    }
  }
}